no,kode_nama,kode,no_urut,pendidikan_terakhir,kelompok_keahlian,inpassing,sertifikasi,program_studi,status_kepegawaian,jfa,dik_diakui,lit_diakui,abdimas_diakui,penunjang,prof_diakui,total_sks,pemenuhan_tridarma,cluster,PC1_1d,PC1_2d,PC2_2d,PC1_3d,PC2_3d,PC3_3d
118,S2TI-021,S2TI,21,S3,ENGINEERING MANAGEMENT SYSTEM,PEMBINA,SUDAH,PRODI S2 TEKNIK INDUSTRI (FRI) (2019),DOSEN PEGAWAI TETAP,LK,8.04,3.25,3.1,2.5,0.0,39.88,MEMENUHI,2,4.249064254187766,4.249064254187766,-2.5285221265039155,4.249064254187766,-2.5285221265039155,0.19786106502809717
123,S2TI-022,S2TI,22,S1,ENTERPRISE AND INDUSTRIAL SYSTEM,PEMBINA UTAMA MADYA,BELUM,PRODI S2 TEKNIK INDUSTRI (FRI) (2019),DOSEN PEGAWAI TETAP,LK,5.89166666666667,7.0,1.3,5.16666666666666,0.0,51.5666666666667,MEMENUHI,2,5.822220395879489,5.822220395879489,1.5352301457333193,5.822220395879489,1.5352301457333193,2.0285846904210105
126,S2TI-023,S2TI,23,S1,ENGINEERING MANAGEMENT SYSTEM,PENATA MUDA TK 1,BELUM,PRODI S2 TEKNIK INDUSTRI (FRI) (2019),DOSEN PEGAWAI TETAP,L,8.42499999999999,3.5,0.2,5.0,0.0,48.25,TDK MEMENUHI,2,5.459354005262811,5.459354005262811,-1.3592757295392806,5.459354005262811,-1.3592757295392806,-1.303392946569636
31,S2TI-024,S2TI,24,S2,CYBERNETICS,PEMBINA UTAMA MUDA,SUDAH,PRODI S2 TEKNIK INDUSTRI (FRI) (2019),DOSEN PEGAWAI TETAP,L,4.46666666666666,5.915,1.05,5.83333333333335,0.0,44.08,MEMENUHI,2,4.6766230917800256,4.6766230917800256,2.71652720768516,4.6766230917800256,2.71652720768516,1.0253781711810237
29,S2TI-026,S2TI,26,S2,ENTERPRISE AND INDUSTRIAL SYSTEM,PENATA TK 1,SUDAH,PRODI S2 TEKNIK INDUSTRI (FRI) (2019),DOSEN PEGAWAI TETAP,AA,5.29333333333333,5.25,0.8500000000000001,2.75,0.0,40.8866666666667,MEMENUHI,2,3.16764984550184,3.16764984550184,-0.012132856820357434,3.16764984550184,-0.012132856820357434,1.9858908281816154
66,S2TI-027,S2TI,27,S1,ENGINEERING MANAGEMENT SYSTEM,PENATA MUDA TK 1,BELUM,PRODI S2 TEKNIK INDUSTRI (FRI) (2019),DOSEN PROFESIONAL FULL TIME,LK,0.0,1.0,1.4,0.5,0.0,3.9,TDK MEMENUHI,0,-3.50773672627127,-3.50773672627127,1.4344288920785044,-3.50773672627127,1.4344288920785044,0.7875173692382684
106,S1TI-011,S1TI,11,S3,CYBERNETICS,PEMBINA,SUDAH,PRODI S1 TEKNIK INDUSTRI (FRI) (2019),DOSEN CALON PEGAWAI TETAP,NJFA,2.99,4.25,1.35,3.33333333333333,0.0,49.9466666666667,MEMENUHI,2,1.5823119437849753,1.5823119437849753,1.8296589863749377,1.5823119437849753,1.8296589863749377,1.3316935913025492
64,S1TI-012,S1TI,12,S2,ENGINEERING MANAGEMENT SYSTEM,PENATA MUDA TK 1,SUDAH,PRODI S1 TEKNIK INDUSTRI (FRI) (2019),DOSEN PROFESIONAL FULL TIME,L,4.55833333333334,12.125,2.35,1.5,0.0,55.1666666666667,MEMENUHI,2,5.6652431062328,5.6652431062328,1.527881356573352,5.6652431062328,1.527881356573352,8.53572836005158
20,S1TI-013,S1TI,13,S2,PRODUCTION AND MANUFACTURING SYSTEM,PEMBINA UTAMA,SUDAH,PRODI S1 TEKNIK INDUSTRI (FRI) (2019),DOSEN PEGAWAI TETAP,L,0.9999999999999991,2.25,0.75,1.75,0.0,25.5,MEMENUHI,0,-1.6755569184626793,-1.6755569184626793,1.7565179645286972,-1.6755569184626793,1.7565179645286972,0.8777617371761645
38,S1TI-014,S1TI,14,S1,ENGINEERING MANAGEMENT SYSTEM,PEMBINA TK 1,BELUM,PRODI S1 TEKNIK INDUSTRI (FRI) (2019),DOSEN PEGAWAI TETAP,L,6.985,6.415,2.25,2.75,0.0,46.35,MEMENUHI,2,5.1008406533139645,5.1008406533139645,-0.8735701661190063,5.1008406533139645,-0.8735701661190063,2.7518678556930296
54,S1TI-015,S1TI,15,S2,ENGINEERING MANAGEMENT SYSTEM,PEMBINA UTAMA,BELUM,PRODI S1 TEKNIK INDUSTRI (FRI) (2019),DOSEN PEGAWAI TETAP,AA,1.33166666666666,3.25,0.2,1.5,0.0,34.2633333333333,MEMENUHI,0,-1.2036709625121929,-1.2036709625121929,1.566295661323158,-1.2036709625121929,1.566295661323158,1.7129215149623005
122,S1TI-016,S1TI,16,S2,PRODUCTION AND MANUFACTURING SYSTEM,PEMBINA UTAMA,BELUM,PRODI S1 TEKNIK INDUSTRI (FRI) (2019),DOSEN PEGAWAI TETAP,L,2.55833333333332,0.0,0.75,1.25,0.0,20.1166666666666,TDK MEMENUHI,0,-2.04010013254295,-2.04010013254295,-0.25483500107540424,-2.04010013254295,-0.25483500107540424,-0.9706561082944238
116,S1TI-017,S1TI,17,S1,CYBERNETICS,PEMBINA UTAMA MADYA,SUDAH,PRODI S1 TEKNIK INDUSTRI (FRI) (2019),DOSEN PEGAWAI TETAP,L,3.93333333333335,2.0,1.05,2.16666666666667,0.0,32.800000000000004,MEMENUHI,2,0.39755334756406735,0.39755334756406735,-0.17146119008357483,0.39755334756406735,-0.17146119008357483,-0.06887023146376284
117,S1TI-018,S1TI,18,S1,CYBERNETICS,PENATA,BELUM,PRODI S1 TEKNIK INDUSTRI (FRI) (2019),DOSEN PEGAWAI TETAP,L,6.96666666666667,0.0,0.0,0.0,0.0,17.9333333333333,MEMENUHI,1,0.01629704406312591,0.01629704406312591,-4.3220495543400785,0.01629704406312591,-4.3220495543400785,-1.1831029274504095
2,S1TI-019,S1TI,19,S3,PRODUCTION AND MANUFACTURING SYSTEM,PEMBINA UTAMA MADYA,BELUM,PRODI S1 TEKNIK INDUSTRI (FRI) (2019),DOSEN PEGAWAI TETAP,AA,1.66666666666665,0.0,0.75,0.0,0.0,22.3333333333333,TDK MEMENUHI,0,-3.3046805307903395,-3.3046805307903395,-0.3906537868070395,-3.3046805307903395,-0.3906537868070395,-0.1261068325568192
69,S1TI-020,S1TI,20,S2,PRODUCTION AND MANUFACTURING SYSTEM,PENATA,BELUM,PRODI S1 TEKNIK INDUSTRI (FRI) (2019),DOSEN PEGAWAI TETAP,AA,5.45666666666666,3.455,1.85,2.41666666666667,0.0,36.2566666666667,MEMENUHI,2,2.3907213302367527,2.3907213302367527,-0.7193216503164612,2.3907213302367527,-0.7193216503164612,0.771534304089116
70,S1TI-021,S1TI,21,S3,CYBERNETICS,PEMBINA UTAMA,SUDAH,PRODI S1 TEKNIK INDUSTRI (FRI) (2019),DOSEN PEGAWAI TETAP,AA,5.87666666666666,1.0,1.35,5.99999999999998,0.0,47.6833333333333,MEMENUHI,2,3.321727745191932,3.321727745191932,0.5978076862721372,3.321727745191932,0.5978076862721372,-3.296544261735626
127,S1TI-022,S1TI,22,S1,ENTERPRISE AND INDUSTRIAL SYSTEM,PENATA,SUDAH,PRODI S1 TEKNIK INDUSTRI (FRI) (2019),DOSEN PEGAWAI TETAP,L,8.935,3.625,0.2,0.75,0.0,30.52,TDK MEMENUHI,2,3.5320873606687178,3.5320873606687178,-4.384834914862676,3.5320873606687178,-4.384834914862676,1.0110431223444227
124,S1TI-023,S1TI,23,S1,ENGINEERING MANAGEMENT SYSTEM,PENATA TK 1,BELUM,PRODI S1 TEKNIK INDUSTRI (FRI) (2019),DOSEN PEGAWAI TETAP,AA,5.82333333333334,0.5,1.25,1.25,0.0,23.7466666666667,MEMENUHI,1,0.4277084273120038,0.4277084273120038,-2.491099162210795,0.4277084273120038,-2.491099162210795,-1.1237073393976447
120,S1TI-024,S1TI,24,S2,ENGINEERING MANAGEMENT SYSTEM,PENATA MUDA TK 1,BELUM,PRODI S1 TEKNIK INDUSTRI (FRI) (2019),DOSEN PEGAWAI TETAP,L,8.26,0.0,1.75,1.0,0.0,30.02,TDK MEMENUHI,1,1.7260033544457472,1.7260033544457472,-4.524629554118144,1.7260033544457472,-4.524629554118144,-1.800323438885018
4,S1TI-025,S1TI,25,S2,PRODUCTION AND MANUFACTURING SYSTEM,PEMBINA UTAMA,SUDAH,PRODI S1 TEKNIK INDUSTRI (FRI) (2019),DOSEN PEGAWAI TETAP,L,3.11833333333333,0.5,1.25,1.25,0.0,41.4366666666667,MEMENUHI,0,-1.3371556597936423,-1.3371556597936423,-0.5094655084155608,-1.3371556597936423,-0.5094655084155608,-0.6206138376207788
40,S1TI-026,S1TI,26,S1,ENTERPRISE AND INDUSTRIAL SYSTEM,PENATA,SUDAH,PRODI S1 TEKNIK INDUSTRI (FRI) (2019),DOSEN PEGAWAI TETAP,L,5.24333333333333,3.5,0.75,3.5,0.0,37.6366666666666,MEMENUHI,2,2.6645640850843275,2.6645640850843275,0.06043267103677861,2.6645640850843275,0.06043267103677861,0.1550706037547886
128,S1TI-027,S1TI,27,S2,PRODUCTION AND MANUFACTURING SYSTEM,PEMBINA UTAMA,BELUM,PRODI S1 TEKNIK INDUSTRI (FRI) (2019),DOSEN PEGAWAI TETAP,AA,0.800000000000001,1.29,1.25,1.25,0.0,23.63,MEMENUHI,0,-2.4606594711178724,-2.4606594711178724,1.3834648857754828,-2.4606594711178724,1.3834648857754828,0.4531239843999725
6,S1TI-028,S1TI,28,S1,CYBERNETICS,PEMBINA UTAMA MADYA,BELUM,PRODI S1 TEKNIK INDUSTRI (FRI) (2019),DOSEN PEGAWAI TETAP,AA,5.82666666666666,1.75,1.65,1.25,0.0,31.4533333333333,MEMENUHI,2,1.1185753863030459,1.1185753863030459,-2.1597103564033313,1.1185753863030459,-2.1597103564033313,-0.06961046250060772
71,S1TI-029,S1TI,29,S3,PRODUCTION AND MANUFACTURING SYSTEM,PEMBINA,BELUM,PRODI S1 TEKNIK INDUSTRI (FRI) (2019),DOSEN PEGAWAI TETAP,AA,4.39333333333334,1.0,1.25,4.66666666666665,0.0,33.370000000000005,MEMENUHI,2,1.6073319700865105,1.6073319700865105,0.836335611945797,1.6073319700865105,0.836335611945797,-2.3062078964392025
61,S1TI-030,S1TI,30,S3,ENTERPRISE AND INDUSTRIAL SYSTEM,PENATA TK 1,SUDAH,PRODI S1 TEKNIK INDUSTRI (FRI) (2019),DOSEN PEGAWAI TETAP,L,3.3,4.75,1.25,8.25,0.0,62.870000000000005,MEMENUHI,2,4.6983059861950895,4.6983059861950895,4.82275153217682,4.6983059861950895,4.82275153217682,-0.9983794040153218
7,S1TI-031,S1TI,31,S2,PRODUCTION AND MANUFACTURING SYSTEM,PEMBINA,BELUM,PRODI S1 TEKNIK INDUSTRI (FRI) (2019),DOSEN PEGAWAI TETAP,L,3.16666666666666,2.0,2.35,3.25,0.0,37.5333333333333,MEMENUHI,2,0.7265548227746209,0.7265548227746209,1.1584522597440787,0.7265548227746209,1.1584522597440787,-0.3909665229511586
3,S1TI-032,S1TI,32,S2,ENTERPRISE AND INDUSTRIAL SYSTEM,PEMBINA,SUDAH,PRODI S1 TEKNIK INDUSTRI (FRI) (2019),DOSEN PEGAWAI TETAP,AA,2.725,3.0,0.75,4.33333333333333,0.0,42.9166666666667,MEMENUHI,2,1.2304468619711273,1.2304468619711273,2.3082024350925763,1.2304468619711273,2.3082024350925763,-0.23571055696934937
45,S1TI-033,S1TI,33,S3,CYBERNETICS,PENATA,BELUM,PRODI S1 TEKNIK INDUSTRI (FRI) (2019),DOSEN PEGAWAI TETAP,AA,3.39333333333333,1.5,0.75,3.16666666666667,0.0,28.82,MEMENUHI,2,0.29043966983476,0.29043966983476,0.712737685181859,0.29043966983476,0.712737685181859,-0.9465965825535276
125,S1TI-034,S1TI,34,S2,ENTERPRISE AND INDUSTRIAL SYSTEM,PEMBINA UTAMA MADYA,SUDAH,PRODI S1 TEKNIK INDUSTRI (FRI) (2019),DOSEN PEGAWAI TETAP,L,4.11,3.915,0.75,3.33333333333333,0.0,35.216666666666704,MEMENUHI,2,2.0384749336281405,2.0384749336281405,0.8876934491283612,2.0384749336281405,0.8876934491283612,0.7938970233121103
35,S1TI-035,S1TI,35,S2,ENGINEERING MANAGEMENT SYSTEM,PEMBINA UTAMA,SUDAH,PRODI S1 TEKNIK INDUSTRI (FRI) (2019),DOSEN PEGAWAI TETAP,AA,5.02333333333334,3.71,2.65,2.25,0.0,42.1666666666667,MEMENUHI,2,2.2886562015249545,2.2886562015249545,-0.3923130508214135,2.2886562015249545,-0.3923130508214135,1.226050397083768
9,S1TI-036,S1TI,36,S1,ENTERPRISE AND INDUSTRIAL SYSTEM,PENATA TK 1,SUDAH,PRODI S1 TEKNIK INDUSTRI (FRI) (2019),DOSEN PEGAWAI TETAP,L,2.23166666666667,3.25,0.75,0.75,0.0,20.9633333333333,TDK MEMENUHI,0,-0.9257072356333047,-0.9257072356333047,0.4692720337225198,-0.9257072356333047,0.4692720337225198,2.00502335456926
95,S1TI-037,S1TI,37,S2,PRODUCTION AND MANUFACTURING SYSTEM,PENATA MUDA TK 1,BELUM,PRODI S1 TEKNIK INDUSTRI (FRI) (2019),DOSEN PEGAWAI TETAP,NJFA,3.06833333333333,3.21,2.35,1.25,0.0,47.5066666666667,MEMENUHI,2,0.16582574649492893,0.16582574649492893,0.2660289801036044,0.16582574649492893,0.2660289801036044,1.6974330445910262
10,S1TI-038,S1TI,38,S1,ENGINEERING MANAGEMENT SYSTEM,PEMBINA,BELUM,PRODI S1 TEKNIK INDUSTRI (FRI) (2019),DOSEN PEGAWAI TETAP,L,6.89,0.0,0.75,0.0,0.0,15.05,TDK MEMENUHI,1,0.1032578850994284,0.1032578850994284,-4.217172499680892,0.1032578850994284,-4.217172499680892,-1.0975763547802913
50,S1TI-039,S1TI,39,S2,PRODUCTION AND MANUFACTURING SYSTEM,PEMBINA,SUDAH,PRODI S1 TEKNIK INDUSTRI (FRI) (2019),DOSEN PEGAWAI TETAP,AA,0.0,0.0,0.0,0.0,0.0,10.0,TDK MEMENUHI,0,-4.529070721865143,-4.529070721865143,0.7816033556192893,-4.529070721865143,0.7816033556192893,0.11260307219672053
49,S1TI-040,S1TI,40,S3,ENGINEERING MANAGEMENT SYSTEM,PEMBINA UTAMA MUDA,BELUM,PRODI S1 TEKNIK INDUSTRI (FRI) (2019),DOSEN PEGAWAI TETAP,AA,6.83333333333333,3.0,3.85,2.25,0.0,44.966666666666704,MEMENUHI,2,3.3390716758312937,3.3390716758312937,-1.8152053438410731,3.3390716758312937,-1.8152053438410731,0.4259531638367182
47,S1TI-041,S1TI,41,S3,ENGINEERING MANAGEMENT SYSTEM,PEMBINA UTAMA,BELUM,PRODI S1 TEKNIK INDUSTRI (FRI) (2019),DOSEN PEGAWAI TETAP,AA,2.93333333333333,1.75,2.15,1.0,0.0,17.2666666666667,TDK MEMENUHI,0,-0.8144081420356262,-0.8144081420356262,-0.16543967334185114,-0.8144081420356262,-0.16543967334185114,0.6517644975775473
14,S1TI-042,S1TI,42,S1,ENGINEERING MANAGEMENT SYSTEM,PEMBINA TK 1,BELUM,PRODI S1 TEKNIK INDUSTRI (FRI) (2019),DOSEN PEGAWAI TETAP,L,6.85,0.0,0.0,0.0,0.0,13.700000000000001,TDK MEMENUHI,1,-0.05982155488782914,-0.05982155488782914,-4.236581682642191,-0.05982155488782914,-4.236581682642191,-1.1614045016189973
74,S1TI-043,S1TI,43,S2,ENTERPRISE AND INDUSTRIAL SYSTEM,PEMBINA TK 1,SUDAH,PRODI S1 TEKNIK INDUSTRI (FRI) (2019),DOSEN PROFESIONAL FULL TIME,AA,2.52333333333333,3.0,2.35,5.91666666666665,0.0,44.18,MEMENUHI,2,2.2559992198889725,2.2559992198889725,3.559307181055443,2.2559992198889725,3.559307181055443,-0.9058667048869432
129,S1TI-044,S1TI,44,S1,ENGINEERING MANAGEMENT SYSTEM,PENATA MUDA TK 1,BELUM,PRODI S1 TEKNIK INDUSTRI (FRI) (2019),DOSEN PEGAWAI TETAP,L,8.69,1.33,1.35,2.25,0.0,60.53,MEMENUHI,2,3.2713506381134065,3.2713506381134065,-3.7490289462493696,3.2713506381134065,-3.7490289462493696,-1.5152416165907245
51,S1TI-045,S1TI,45,S2,CYBERNETICS,PEMBINA UTAMA MUDA,BELUM,PRODI S1 TEKNIK INDUSTRI (FRI) (2019),DOSEN PEGAWAI TETAP,AA,6.55833333333334,3.875,2.35,0.0,0.0,48.1666666666667,MEMENUHI,2,2.0875604068134255,2.0875604068134255,-2.9159422630797125,2.0875604068134255,-2.9159422630797125,2.2679398004571416
59,S1TI-046,S1TI,46,S3,PRODUCTION AND MANUFACTURING SYSTEM,PEMBINA UTAMA,BELUM,PRODI S1 TEKNIK INDUSTRI (FRI) (2019),DOSEN PEGAWAI TETAP,AA,4.15166666666667,2.21,2.45,1.5,0.0,40.5233333333333,MEMENUHI,2,0.5349606741842573,0.5349606741842573,-0.6095793753812533,0.5349606741842573,-0.6095793753812533,0.5563417949468029
121,S1TI-047,S1TI,47,S2,PRODUCTION AND MANUFACTURING SYSTEM,PENATA MUDA TK 1,BELUM,PRODI S1 TEKNIK INDUSTRI (FRI) (2019),DOSEN PEGAWAI TETAP,L,7.31166666666666,0.33,0.75,0.0,0.0,18.9533333333333,MEMENUHI,1,0.5408999611788531,0.5408999611788531,-4.444805204127951,0.5408999611788531,-4.444805204127951,-0.9075899007411862
41,S1TI-048,S1TI,48,S2,PRODUCTION AND MANUFACTURING SYSTEM,PENATA,SUDAH,PRODI S1 TEKNIK INDUSTRI (FRI) (2019),DOSEN PEGAWAI TETAP,NJFA,6.55,2.0,0.0,0.75,0.0,25.17,MEMENUHI,1,1.1391514294016192,1.1391514294016192,-3.0508234118806308,1.1391514294016192,-3.0508234118806308,0.11389657271662287
100,S1TI-049,S1TI,49,S1,CYBERNETICS,PEMBINA UTAMA,SUDAH,PRODI S1 TEKNIK INDUSTRI (FRI) (2019),DOSEN CALON PEGAWAI TETAP,AA,3.81833333333334,3.0,1.15,3.5,0.0,41.3366666666667,MEMENUHI,2,1.561632533100722,1.561632533100722,1.0072013424462076,1.561632533100722,1.0072013424462076,0.05142779029397338
115,S1TI-050,S1TI,50,S3,ENGINEERING MANAGEMENT SYSTEM,PEMBINA TK 1,BELUM,PRODI S1 TEKNIK INDUSTRI (FRI) (2019),DOSEN PEGAWAI TETAP,L,4.93333333333333,5.0,1.55,1.25,0.0,31.4666666666667,MEMENUHI,2,2.118111884291656,2.118111884291656,-0.7113536450714698,2.118111884291656,-0.7113536450714698,2.730474484031562
119,S1TI-051,S1TI,51,S1,ENGINEERING MANAGEMENT SYSTEM,PEMBINA UTAMA,SUDAH,PRODI S1 TEKNIK INDUSTRI (FRI) (2019),DOSEN PEGAWAI TETAP,L,2.675,0.0,1.25,1.91666666666667,0.0,19.0133333333333,TDK MEMENUHI,0,-1.5084914728764496,-1.5084914728764496,0.11299210642390736,-1.5084914728764496,0.11299210642390736,-1.3068221597143965
43,S1TI-052,S1TI,52,S1,PRODUCTION AND MANUFACTURING SYSTEM,PENATA MUDA TK 1,BELUM,PRODI S1 TEKNIK INDUSTRI (FRI) (2019),DOSEN PEGAWAI TETAP,AA,5.93166666666666,0.0,0.0,0.0,0.0,19.3633333333333,TDK MEMENUHI,1,-0.6589836694874679,-0.6589836694874679,-3.563827435420271,-0.6589836694874679,-3.563827435420271,-0.9906068925746018
11,S1TI-053,S1TI,53,S1,ENGINEERING MANAGEMENT SYSTEM,PEMBINA,BELUM,PRODI S1 TEKNIK INDUSTRI (FRI) (2019),DOSEN PROFESIONAL PART TIME,NJFA,1.43333333333334,0.5,0.75,0.0,0.0,10.9666666666667,MEMENUHI,0,-3.2106636206625927,-3.2106636206625927,-0.09657773544007194,-3.2106636206625927,-0.09657773544007194,0.32397299568791227
68,S1TI-054,S1TI,54,S1,CYBERNETICS,PEMBINA,BELUM,PRODI S1 TEKNIK INDUSTRI (FRI) (2019),DOSEN PROFESIONAL FULL TIME,LK,2.385,2.5,1.1,2.0,0.0,24.470000000000002,MEMENUHI,2,-0.4483052271056859,-0.4483052271056859,0.9840023665723086,-0.4483052271056859,0.9840023665723086,0.7210278683781873
83,S1TI-055,S1TI,55,S1,ENTERPRISE AND INDUSTRIAL SYSTEM,PEMBINA TK 1,BELUM,PRODI S1 TEKNIK INDUSTRI (FRI) (2019),DOSEN PROFESIONAL FULL TIME,NJFA,2.92333333333333,1.75,1.75,3.5,0.0,36.0466666666667,MEMENUHI,2,0.4716441759232981,0.4716441759232981,1.393981208006689,0.4716441759232981,1.393981208006689,-0.7418076415836875
46,S1TI-056,S1TI,56,S3,ENTERPRISE AND INDUSTRIAL SYSTEM,PEMBINA UTAMA,SUDAH,PRODI S1 TEKNIK INDUSTRI (FRI) (2019),DOSEN PROFESIONAL FULL TIME,AA,3.535,4.5,0.75,0.0,0.0,23.720000000000002,MEMENUHI,2,0.13059143324806133,0.13059143324806133,-0.6510979318279375,0.13059143324806133,-0.6510979318279375,3.1865551658659412
24,S1TI-057,S1TI,57,S2,PRODUCTION AND MANUFACTURING SYSTEM,PEMBINA,BELUM,PRODI S1 TEKNIK INDUSTRI (FRI) (2019),DOSEN PROFESIONAL FULL TIME,NJFA,2.93333333333333,2.415,0.55,1.0,0.0,30.9466666666667,MEMENUHI,0,-0.7791176655725202,-0.7791176655725202,-0.10558296402326442,-0.7791176655725202,-0.10558296402326442,1.040615294567469
94,S1TI-058,S1TI,58,S2,CYBERNETICS,PEMBINA UTAMA,BELUM,PRODI S1 TEKNIK INDUSTRI (FRI) (2019),DOSEN PROFESIONAL FULL TIME,L,0.0,0.0,0.0,0.0,0.0,0.0,TDK MEMENUHI,0,-4.529070721865143,-4.529070721865143,0.7816033556192893,-4.529070721865143,0.7816033556192893,0.11260307219672053
72,S1TI-059,S1TI,59,S3,ENGINEERING MANAGEMENT SYSTEM,PENATA,SUDAH,PRODI S1 TEKNIK INDUSTRI (FRI) (2019),DOSEN PROFESIONAL FULL TIME,AA,2.41,1.75,1.85,2.0,0.0,31.220000000000002,MEMENUHI,0,-0.664393626170861,-0.664393626170861,0.8296898139379411,-0.664393626170861,0.8296898139379411,0.17762134795091852
104,S1TI-060,S1TI,60,S1,PRODUCTION AND MANUFACTURING SYSTEM,PEMBINA UTAMA,SUDAH,PRODI S1 TEKNIK INDUSTRI (FRI) (2019),DOSEN PROFESIONAL FULL TIME,NJFA,0.0,0.0,0.0,0.0,0.0,0.0,TDK MEMENUHI,0,-4.529070721865143,-4.529070721865143,0.7816033556192893,-4.529070721865143,0.7816033556192893,0.11260307219672053
93,S1TI-061,S1TI,61,S2,PRODUCTION AND MANUFACTURING SYSTEM,PEMBINA UTAMA MUDA,BELUM,PRODI S1 TEKNIK INDUSTRI (FRI) (2019),DOSEN PROFESIONAL FULL TIME,NJFA,2.31833333333333,2.0,0.0,0.0,0.0,29.4366666666667,TDK MEMENUHI,0,-2.0314689877355465,-2.0314689877355465,-0.4242041200923694,-2.0314689877355465,-0.4242041200923694,1.3081562595030454
26,S1TI-062,S1TI,62,S3,ENTERPRISE AND INDUSTRIAL SYSTEM,PENATA MUDA TK 1,BELUM,PRODI S1 TEKNIK INDUSTRI (FRI) (2019),DOSEN PROFESIONAL PART TIME,NJFA,0.8833333333333291,1.5,0.0,1.25,0.0,12.9166666666667,TDK MEMENUHI,0,-2.5311650423110623,-2.5311650423110623,1.292947913242998,-2.5311650423110623,1.292947913242998,0.4896526137642439
58,S1TI-063,S1TI,63,S2,PRODUCTION AND MANUFACTURING SYSTEM,PEMBINA UTAMA MADYA,SUDAH,PRODI S1 TEKNIK INDUSTRI (FRI) (2019),DOSEN PROFESIONAL FULL TIME,NJFA,2.36833333333333,3.165,1.65,0.75,0.0,25.8666666666667,MEMENUHI,0,-0.7140249708109152,-0.7140249708109152,0.4066736184305861,-0.7140249708109152,0.4066736184305861,1.9959902211249096
75,S1TI-064,S1TI,64,S1,CYBERNETICS,PENATA MUDA TK 1,SUDAH,PRODI S1 TEKNIK INDUSTRI (FRI) (2019),DOSEN PROFESIONAL PART TIME,NJFA,0.0,0.0,0.0,0.0,0.0,2.4,TDK MEMENUHI,0,-4.529070721865143,-4.529070721865143,0.7816033556192893,-4.529070721865143,0.7816033556192893,0.11260307219672053
23,S1TI-065,S1TI,65,S1,ENTERPRISE AND INDUSTRIAL SYSTEM,PEMBINA UTAMA MUDA,SUDAH,PRODI S1 TEKNIK INDUSTRI (FRI) (2019),DOSEN PROFESIONAL PART TIME,L,0.0,0.0,0.0,0.0,0.0,5.4,TDK MEMENUHI,0,-4.529070721865143,-4.529070721865143,0.7816033556192893,-4.529070721865143,0.7816033556192893,0.11260307219672053
30,S1TI-066,S1TI,66,S2,CYBERNETICS,PENATA TK 1,SUDAH,PRODI S1 TEKNIK INDUSTRI (FRI) (2019),DOSEN PROFESIONAL FULL TIME,LK,4.16833333333333,5.75,2.8,2.08333333333333,0.0,40.6033333333333,MEMENUHI,2,2.6718864570174454,2.6718864570174454,0.6409942963489372,2.6718864570174454,0.6409942963489372,3.1490837674735532
89,S1TI-067,S1TI,67,S1,ENTERPRISE AND INDUSTRIAL SYSTEM,PENATA,BELUM,PRODI S1 TEKNIK INDUSTRI (FRI) (2019),DOSEN PROFESIONAL PART TIME,NJFA,0.75,1.0,0.0,0.0,0.0,14.6,TDK MEMENUHI,0,-3.547228655406896,-3.547228655406896,0.47844765350389523,-3.547228655406896,0.47844765350389523,0.7864791450157606
113,S1TI-068,S1TI,68,S1,ENGINEERING MANAGEMENT SYSTEM,PEMBINA,SUDAH,PRODI S1 TEKNIK INDUSTRI (FRI) (2019),DOSEN PROFESIONAL FULL TIME,NJFA,0.0,0.0,0.0,0.0,0.0,0.0,TDK MEMENUHI,0,-4.529070721865143,-4.529070721865143,0.7816033556192893,-4.529070721865143,0.7816033556192893,0.11260307219672053
56,S1TI-069,S1TI,69,S3,PRODUCTION AND MANUFACTURING SYSTEM,PEMBINA UTAMA MUDA,BELUM,PRODI S1 TEKNIK INDUSTRI (FRI) (2019),DOSEN PROFESIONAL FULL TIME,AA,1.16666666666666,0.0,0.0,0.0,0.0,14.4333333333333,TDK MEMENUHI,0,-3.767884732355629,-3.767884732355629,-0.07307536135954668,-3.767884732355629,-0.07307536135954668,-0.10438118611739067
55,S1TI-070,S1TI,70,S1,ENGINEERING MANAGEMENT SYSTEM,PENATA,BELUM,PRODI S1 TEKNIK INDUSTRI (FRI) (2019),DOSEN PROFESIONAL PART TIME,L,0.698333333333329,0.42000000000000004,0.75,0.0,0.0,24.816666666666702,MEMENUHI,0,-3.7296114513383385,-3.7296114513383385,0.4221674069812113,-3.7296114513383385,0.4221674069812113,0.3956038021726992
112,S1TI-071,S1TI,71,S3,ENTERPRISE AND INDUSTRIAL SYSTEM,PENATA TK 1,BELUM,PRODI S1 TEKNIK INDUSTRI (FRI) (2019),DOSEN PROFESIONAL FULL TIME,NJFA,0.0,0.0,0.0,0.0,0.0,0.0,TDK MEMENUHI,0,-4.529070721865143,-4.529070721865143,0.7816033556192893,-4.529070721865143,0.7816033556192893,0.11260307219672053
90,S1TI-072,S1TI,72,S3,ENGINEERING MANAGEMENT SYSTEM,PEMBINA TK 1,SUDAH,PRODI S1 TEKNIK INDUSTRI (FRI) (2019),DOSEN PROFESIONAL FULL TIME,L,1.685,0.0,0.0,1.0,0.0,24.87,TDK MEMENUHI,0,-2.8834472148614485,-2.8834472148614485,0.17843310992079306,-2.8834472148614485,0.17843310992079306,-0.7437532378178304
111,S1TI-073,S1TI,73,S1,PRODUCTION AND MANUFACTURING SYSTEM,PEMBINA TK 1,BELUM,PRODI S1 TEKNIK INDUSTRI (FRI) (2019),DOSEN PROFESIONAL FULL TIME,NJFA,0.0,0.0,0.0,0.0,0.0,15.0,TDK MEMENUHI,0,-4.529070721865143,-4.529070721865143,0.7816033556192893,-4.529070721865143,0.7816033556192893,0.11260307219672053
101,S1TI-074,S1TI,74,S3,ENTERPRISE AND INDUSTRIAL SYSTEM,PEMBINA UTAMA MADYA,BELUM,PRODI S1 TEKNIK INDUSTRI (FRI) (2019),DOSEN PROFESIONAL FULL TIME,NJFA,0.0,0.0,0.0,0.0,0.0,0.0,TDK MEMENUHI,0,-4.529070721865143,-4.529070721865143,0.7816033556192893,-4.529070721865143,0.7816033556192893,0.11260307219672053
25,S1SI-031,S1SI,31,S2,ENTERPRISE AND INDUSTRIAL SYSTEM,PEMBINA,BELUM,PRODI S1 SISTEM INFORMASI (FRI) (2019),DOSEN PROFESIONAL FULL TIME,NJFA,4.64,2.0,0.8500000000000001,1.25,0.0,35.28,MEMENUHI,2,0.32135380452288853,0.32135380452288853,-1.2807698004322432,0.32135380452288853,-1.2807698004322432,0.27841623331497656
73,S1SI-032,S1SI,32,S3,ENGINEERING MANAGEMENT SYSTEM,PENATA MUDA TK 1,BELUM,PRODI S1 SISTEM INFORMASI (FRI) (2019),DOSEN PROFESIONAL FULL TIME,NJFA,3.75833333333335,1.58,1.35,7.8333333333333,0.0,50.5433333333333,MEMENUHI,2,3.2267509054095345,3.2267509054095345,3.449757828119654,3.2267509054095345,3.449757828119654,-3.426253841399979
63,S1SI-033,S1SI,33,S1,ENGINEERING MANAGEMENT SYSTEM,PEMBINA,SUDAH,PRODI S1 SISTEM INFORMASI (FRI) (2019),DOSEN PROFESIONAL FULL TIME,L,2.85666666666667,2.0,1.05,1.5,0.0,32.813333333333304,MEMENUHI,0,-0.6690815508580256,-0.6690815508580256,0.19646515836960998,-0.6690815508580256,0.19646515836960998,0.4933546048800443
32,S1SI-034,S1SI,34,S1,CYBERNETICS,PEMBINA TK 1,SUDAH,PRODI S1 SISTEM INFORMASI (FRI) (2019),DOSEN PEGAWAI TETAP,AA,3.29,0.0,0.0,0.0,0.0,17.88,TDK MEMENUHI,1,-2.3825262314483013,-2.3825262314483013,-1.6285906262610423,-2.3825262314483013,-1.6285906262610423,-0.4992925362490769
77,S1SI-035,S1SI,35,S1,CYBERNETICS,PEMBINA,SUDAH,PRODI S1 SISTEM INFORMASI (FRI) (2019),DOSEN PROFESIONAL FULL TIME,L,5.15166666666666,0.0,2.35,0.5,0.0,35.2033333333333,MEMENUHI,1,-0.4655550238331175,-0.4655550238331175,-2.524166303330239,-0.4655550238331175,-2.524166303330239,-0.8937167707815384
84,S1SI-036,S1SI,36,S1,CYBERNETICS,PEMBINA UTAMA,BELUM,PRODI S1 SISTEM INFORMASI (FRI) (2019),DOSEN PROFESIONAL FULL TIME,NJFA,3.125,1.625,0.75,4.25,0.0,39.33,MEMENUHI,2,0.7687049970656966,0.7687049970656966,1.6239313839127194,0.7687049970656966,1.6239313839127194,-1.383235924961282
34,S1SI-037,S1SI,37,S1,ENGINEERING MANAGEMENT SYSTEM,PEMBINA TK 1,SUDAH,PRODI S1 SISTEM INFORMASI (FRI) (2019),DOSEN PEGAWAI TETAP,L,5.425,2.835,1.25,3.16666666666665,0.0,65.2533333333333,MEMENUHI,2,2.3648102583319783,2.3648102583319783,-0.41436466083539836,2.3648102583319783,-0.41436466083539836,-0.19110388397573447
97,S1SI-038,S1SI,38,S3,ENTERPRISE AND INDUSTRIAL SYSTEM,PENATA MUDA TK 1,SUDAH,PRODI S1 SISTEM INFORMASI (FRI) (2019),DOSEN PEGAWAI TETAP,AA,3.19333333333334,1.21,2.35,8.0833333333333,0.0,55.8433333333333,MEMENUHI,2,2.9950969084540615,2.9950969084540615,3.995300134719336,2.9950969084540615,3.995300134719336,-3.662835652755822
53,S1SI-039,S1SI,39,S2,ENTERPRISE AND INDUSTRIAL SYSTEM,PEMBINA UTAMA MADYA,BELUM,PRODI S1 SISTEM INFORMASI (FRI) (2019),DOSEN PEGAWAI TETAP,AA,5.865,3.0,0.0,3.66666666666665,0.0,37.063333333333304,TDK MEMENUHI,2,2.7779739767150806,2.7779739767150806,-0.461636746792641,2.7779739767150806,-0.461636746792641,-0.5289964327988779
13,S1SI-040,S1SI,40,S3,ENTERPRISE AND INDUSTRIAL SYSTEM,PEMBINA UTAMA MADYA,SUDAH,PRODI S1 SISTEM INFORMASI (FRI) (2019),DOSEN PEGAWAI TETAP,L,6.0,0.0,0.0,0.0,0.0,12.0,TDK MEMENUHI,1,-0.6143999186733349,-0.6143999186733349,-3.6138871888433215,-0.6143999186733349,-3.6138871888433215,-1.0033159705615724
36,S1SI-041,S1SI,41,S1,CYBERNETICS,PENATA,SUDAH,PRODI S1 SISTEM INFORMASI (FRI) (2019),DOSEN PEGAWAI TETAP,LK,7.75833333333333,3.0,2.0,2.5,0.0,48.2466666666667,MEMENUHI,2,3.7412587566730053,3.7412587566730053,-2.4551933502635737,3.7412587566730053,-2.4551933502635737,-0.05762004753711094
103,S1SI-042,S1SI,42,S3,ENGINEERING MANAGEMENT SYSTEM,PEMBINA UTAMA MUDA,BELUM,PRODI S1 SISTEM INFORMASI (FRI) (2019),DOSEN CALON PEGAWAI TETAP,NJFA,3.39166666666667,0.8300000000000001,0.8500000000000001,2.5,0.0,35.313333333333304,MEMENUHI,2,-0.3865329964908129,-0.3865329964908129,0.13462562550507728,-0.3865329964908129,0.13462562550507728,-1.1197600823738474
88,S1SI-043,S1SI,43,S2,ENGINEERING MANAGEMENT SYSTEM,PEMBINA UTAMA MUDA,BELUM,PRODI S1 SISTEM INFORMASI (FRI) (2019),DOSEN PEGAWAI TETAP,L,3.41,2.915,0.0,1.25,0.0,39.15,TDK MEMENUHI,2,-0.18575454502086333,-0.18575454502086333,-0.20955492225549638,-0.18575454502086333,-0.20955492225549638,1.170639529485066
60,S1SI-044,S1SI,44,S3,ENTERPRISE AND INDUSTRIAL SYSTEM,PEMBINA TK 1,SUDAH,PRODI S1 SISTEM INFORMASI (FRI) (2019),DOSEN PEGAWAI TETAP,AA,5.4,0.0,0.0,0.0,0.0,10.8,TDK MEMENUHI,1,-1.0058669989925149,-1.0058669989925149,-3.1743381343970603,-1.0058669989925149,-3.1743381343970603,-0.8917240662857431
28,S1SI-045,S1SI,45,S3,ENGINEERING MANAGEMENT SYSTEM,PEMBINA UTAMA,BELUM,PRODI S1 SISTEM INFORMASI (FRI) (2019),DOSEN PEGAWAI TETAP,L,6.03333333333333,2.0,0.2,0.0,0.0,15.266666666666701,MEMENUHI,1,0.42889312047608646,0.42889312047608646,-3.132755361336744,0.42889312047608646,-3.132755361336744,0.6362210807615385
48,S1SI-046,S1SI,46,S2,ENTERPRISE AND INDUSTRIAL SYSTEM,PEMBINA UTAMA MADYA,SUDAH,PRODI S1 SISTEM INFORMASI (FRI) (2019),DOSEN PEGAWAI TETAP,AA,3.695,1.915,0.55,1.58333333333334,0.0,32.1866666666667,MEMENUHI,2,-0.20977821371769292,-0.20977821371769292,-0.4184888681582094,-0.20977821371769292,-0.4184888681582094,0.17554065184544224
82,S1SI-047,S1SI,47,S1,CYBERNETICS,PENATA MUDA TK 1,BELUM,PRODI S1 SISTEM INFORMASI (FRI) (2019),DOSEN PROFESIONAL FULL TIME,NJFA,5.465,3.205,1.35,6.66666666666668,0.0,66.3733333333334,MEMENUHI,2,4.503287419121873,4.503287419121873,1.8632559449179042,4.503287419121873,1.8632559449179042,-1.7884872532467786
92,S1SI-048,S1SI,48,S1,ENTERPRISE AND INDUSTRIAL SYSTEM,PEMBINA UTAMA MUDA,BELUM,PRODI S1 SISTEM INFORMASI (FRI) (2019),DOSEN PEGAWAI TETAP,L,4.81833333333334,4.875,0.9500000000000001,6.91666666666664,0.0,69.2199999999999,MEMENUHI,2,4.967368112347364,4.967368112347364,2.880108305480889,4.967368112347364,2.880108305480889,-0.4836464886974284
5,S1SI-049,S1SI,49,S1,ENGINEERING MANAGEMENT SYSTEM,PENATA MUDA TK 1,BELUM,PRODI S1 SISTEM INFORMASI (FRI) (2019),DOSEN PEGAWAI TETAP,AA,6.0,0.0,0.0,0.0,0.0,12.0,TDK MEMENUHI,1,-0.6143999186733349,-0.6143999186733349,-3.6138871888433215,-0.6143999186733349,-3.6138871888433215,-1.0033159705615724
37,S1SI-050,S1SI,50,S3,ENTERPRISE AND INDUSTRIAL SYSTEM,PEMBINA,BELUM,PRODI S1 SISTEM INFORMASI (FRI) (2019),DOSEN PEGAWAI TETAP,L,5.735,3.165,2.25,1.33333333333334,0.0,32.466666666666704,MEMENUHI,2,1.910773470498774,1.910773470498774,-1.652497493181153,1.910773470498774,-1.652497493181153,1.1101177896195793
57,S1SI-051,S1SI,51,S3,ENGINEERING MANAGEMENT SYSTEM,PENATA,SUDAH,PRODI S1 SISTEM INFORMASI (FRI) (2019),DOSEN PEGAWAI TETAP,NJFA,6.0,0.0,0.0,0.0,0.0,12.0,TDK MEMENUHI,1,-0.6143999186733349,-0.6143999186733349,-3.6138871888433215,-0.6143999186733349,-3.6138871888433215,-1.0033159705615724
62,S1SI-052,S1SI,52,S3,ENTERPRISE AND INDUSTRIAL SYSTEM,PEMBINA UTAMA MADYA,SUDAH,PRODI S1 SISTEM INFORMASI (FRI) (2019),DOSEN PEGAWAI TETAP,AA,5.38333333333333,1.375,0.9500000000000001,3.16666666666668,0.0,47.25,MEMENUHI,2,1.563770395121345,1.563770395121345,-0.7628951015223134,1.563770395121345,-0.7628951015223134,-1.399375780647509
98,S1SI-053,S1SI,53,S1,CYBERNETICS,PEMBINA UTAMA,BELUM,PRODI S1 SISTEM INFORMASI (FRI) (2019),DOSEN PEGAWAI TETAP,AA,3.86,1.83,1.45,10.166666666666801,0.0,55.0433333333336,MEMENUHI,2,4.709065497679968,4.709065497679968,4.916213866791884,4.709065497679968,4.916213866791884,-4.49924640656585
78,S1SI-054,S1SI,54,S3,ENGINEERING MANAGEMENT SYSTEM,PEMBINA UTAMA,SUDAH,PRODI S1 SISTEM INFORMASI (FRI) (2019),DOSEN PROFESIONAL FULL TIME,AA,6.17333333333333,2.33,1.55,4.33333333333333,0.0,44.7733333333333,MEMENUHI,2,3.296428404098416,3.296428404098416,-0.33103172091760263,3.296428404098416,-0.33103172091760263,-1.345990436731242
52,S1SI-055,S1SI,55,S2,ENGINEERING MANAGEMENT SYSTEM,PENATA,BELUM,PRODI S1 SISTEM INFORMASI (FRI) (2019),DOSEN PEGAWAI TETAP,AA,6.26666666666667,3.795,1.75,4.49999999999999,0.0,50.423333333333304,MEMENUHI,2,4.2064184984281585,4.2064184984281585,0.0795900742048163,4.2064184984281585,0.0795900742048163,-0.24325820169612608
1,S1SI-056,S1SI,56,S2,PRODUCTION AND MANUFACTURING SYSTEM,PENATA MUDA TK 1,SUDAH,PRODI S1 SISTEM INFORMASI (FRI) (2019),DOSEN PEGAWAI TETAP,L,3.17333333333333,7.35,2.45,3.75,0.0,85.9466666666667,MEMENUHI,2,3.65721435908884,3.65721435908884,2.79327967819009,3.65721435908884,2.79327967819009,3.6973192412910065
8,S1SI-057,S1SI,57,S3,ENTERPRISE AND INDUSTRIAL SYSTEM,PENATA MUDA TK 1,SUDAH,PRODI S1 SISTEM INFORMASI (FRI) (2019),DOSEN PEGAWAI TETAP,AA,0.5,0.0,0.0,0.0,0.0,1.0,TDK MEMENUHI,0,-4.202848154932491,-4.202848154932491,0.4153124769140715,-4.202848154932491,0.4153124769140715,0.019609818633529223
33,S1SI-058,S1SI,58,S3,ENTERPRISE AND INDUSTRIAL SYSTEM,PEMBINA UTAMA,SUDAH,PRODI S1 SISTEM INFORMASI (FRI) (2019),DOSEN PEGAWAI TETAP,AA,6.78166666666665,3.0,1.55,5.08333333333333,0.0,52.53,MEMENUHI,2,4.433003124290006,4.433003124290006,-0.13825509900728028,4.433003124290006,-0.13825509900728028,-1.321403824076639
18,S1SI-059,S1SI,59,S3,ENGINEERING MANAGEMENT SYSTEM,PEMBINA,SUDAH,PRODI S1 SISTEM INFORMASI (FRI) (2019),DOSEN PEGAWAI TETAP,L,2.34166666666666,2.25,0.0,2.5,0.0,25.733333333333302,TDK MEMENUHI,2,-0.5274845728288858,-0.5274845728288858,1.1983474983988815,-0.5274845728288858,1.1983474983988815,0.14973544886122753
67,S1SI-060,S1SI,60,S2,ENGINEERING MANAGEMENT SYSTEM,PEMBINA UTAMA MUDA,SUDAH,PRODI S1 SISTEM INFORMASI (FRI) (2019),DOSEN PEGAWAI TETAP,L,6.185,2.25,0.55,2.08333333333333,0.0,44.6366666666667,MEMENUHI,2,1.8529271502070885,1.8529271502070885,-1.8444984300004403,1.8529271502070885,-1.8444984300004403,-0.28657267934266045
42,S1SI-061,S1SI,61,S2,PRODUCTION AND MANUFACTURING SYSTEM,PENATA MUDA TK 1,SUDAH,PRODI S1 SISTEM INFORMASI (FRI) (2019),DOSEN PEGAWAI TETAP,AA,5.4,0.0,0.0,0.0,0.0,10.8,TDK MEMENUHI,1,-1.0058669989925149,-1.0058669989925149,-3.1743381343970603,-1.0058669989925149,-3.1743381343970603,-0.8917240662857431
39,S1SI-062,S1SI,62,S1,CYBERNETICS,PEMBINA UTAMA MADYA,BELUM,PRODI S1 SISTEM INFORMASI (FRI) (2019),DOSEN PEGAWAI TETAP,AA,8.06666666666667,8.25,3.35,6.75,0.0,74.7333333333333,MEMENUHI,2,9.096241606137555,9.096241606137555,1.3823104901334007,9.096241606137555,1.3823104901334007,1.9758686162954084
44,S1SI-063,S1SI,63,S3,CYBERNETICS,PENATA,SUDAH,PRODI S1 SISTEM INFORMASI (FRI) (2019),DOSEN PEGAWAI TETAP,AA,4.27666666666666,2.5,0.0,3.75,0.0,39.7533333333333,TDK MEMENUHI,2,1.5409406357661173,1.5409406357661173,0.6314094712179065,1.5409406357661173,0.6314094712179065,-0.6855182610206115
21,S1SI-064,S1SI,64,S2,ENTERPRISE AND INDUSTRIAL SYSTEM,PENATA,SUDAH,PRODI S1 SISTEM INFORMASI (FRI) (2019),DOSEN PEGAWAI TETAP,AA,4.55833333333334,3.0,2.55,5.75000000000001,0.0,52.8166666666667,MEMENUHI,2,3.5292112604668104,3.5292112604668104,1.9762882896709275,3.5292112604668104,1.9762882896709275,-1.174849710738378
19,S1SI-065,S1SI,65,S1,PRODUCTION AND MANUFACTURING SYSTEM,PENATA TK 1,SUDAH,PRODI S1 SISTEM INFORMASI (FRI) (2019),DOSEN PEGAWAI TETAP,L,6.5,0.0,0.75,0.5,0.0,16.3,TDK MEMENUHI,1,0.12193101111229265,0.12193101111229265,-3.6158506065217773,0.12193101111229265,-3.6158506065217773,-1.2965261397543009
27,S1SI-066,S1SI,66,S1,CYBERNETICS,PENATA,BELUM,PRODI S1 SISTEM INFORMASI (FRI) (2019),DOSEN PROFESIONAL PART TIME,NJFA,0.253333333333334,0.5,0.0,1.25,0.0,21.0066666666667,TDK MEMENUHI,0,-3.4347136927054702,-3.4347136927054702,1.5081938044691372,-3.4347136927054702,1.5081938044691372,-0.20654183990996275
81,S1SI-067,S1SI,67,S1,ENTERPRISE AND INDUSTRIAL SYSTEM,PEMBINA UTAMA MUDA,SUDAH,PRODI S1 SISTEM INFORMASI (FRI) (2019),DOSEN PROFESIONAL FULL TIME,NJFA,3.34333333333333,1.25,1.75,9.08333333333335,0.0,53.3533333333334,MEMENUHI,2,3.5493321559107938,3.5493321559107938,4.48752414867742,3.5493321559107938,4.48752414867742,-4.258182121903857
65,S1SI-068,S1SI,68,S2,ENTERPRISE AND INDUSTRIAL SYSTEM,PENATA,SUDAH,PRODI S1 SISTEM INFORMASI (FRI) (2019),DOSEN PROFESIONAL FULL TIME,AA,4.22333333333331,2.165,1.75,2.66666666666665,0.0,38.1499999999999,MEMENUHI,2,1.0690025459122132,1.0690025459122132,0.017806366040830635,1.0690025459122132,0.017806366040830635,-0.1935690256961524
16,S1SI-069,S1SI,69,S1,ENTERPRISE AND INDUSTRIAL SYSTEM,PEMBINA UTAMA,BELUM,PRODI S1 SISTEM INFORMASI (FRI) (2019),DOSEN PROFESIONAL PART TIME,L,0.0,0.0,0.0,0.5,0.0,11.0,TDK MEMENUHI,0,-4.255943993644812,-4.255943993644812,1.0972183633883328,-4.255943993644812,1.0972183633883328,-0.158881450556578
108,S1SI-070,S1SI,70,S1,CYBERNETICS,PEMBINA UTAMA,SUDAH,PRODI S1 SISTEM INFORMASI (FRI) (2019),DOSEN PROFESIONAL FULL TIME,NJFA,2.335,0.0,0.0,0.0,0.0,28.67,TDK MEMENUHI,0,-3.0056113342896635,-3.0056113342896635,-0.9289750479340766,-3.0056113342896635,-0.9289750479340766,-0.32167542194338183
109,S1SI-071,S1SI,71,S3,CYBERNETICS,PENATA TK 1,BELUM,PRODI S1 SISTEM INFORMASI (FRI) (2019),DOSEN PROFESIONAL FULL TIME,NJFA,1.875,0.0,0.0,0.0,0.0,27.75,TDK MEMENUHI,0,-3.3057360958677022,-3.3057360958677022,-0.5919874395252763,-3.3057360958677022,-0.5919874395252763,-0.23612162866524597
114,S1SI-072,S1SI,72,S1,ENGINEERING MANAGEMENT SYSTEM,PEMBINA,BELUM,PRODI S1 SISTEM INFORMASI (FRI) (2019),DOSEN PROFESIONAL FULL TIME,L,0.0,0.0,0.0,0.0,0.0,28.5,TDK MEMENUHI,0,-4.529070721865143,-4.529070721865143,0.7816033556192893,-4.529070721865143,0.7816033556192893,0.11260307219672053
105,S1SI-073,S1SI,73,S1,CYBERNETICS,PEMBINA UTAMA MUDA,SUDAH,PRODI S1 SISTEM INFORMASI (FRI) (2019),DOSEN PROFESIONAL FULL TIME,NJFA,0.0,0.0,0.0,0.0,0.0,0.0,TDK MEMENUHI,0,-4.529070721865143,-4.529070721865143,0.7816033556192893,-4.529070721865143,0.7816033556192893,0.11260307219672053
110,S1SI-074,S1SI,74,S1,PRODUCTION AND MANUFACTURING SYSTEM,PEMBINA UTAMA MADYA,BELUM,PRODI S1 SISTEM INFORMASI (FRI) (2019),DOSEN PROFESIONAL FULL TIME,NJFA,0.0,0.0,0.0,0.0,0.0,0.0,TDK MEMENUHI,0,-4.529070721865143,-4.529070721865143,0.7816033556192893,-4.529070721865143,0.7816033556192893,0.11260307219672053
96,S1SI-076,S1SI,76,S1,PRODUCTION AND MANUFACTURING SYSTEM,PENATA TK 1,SUDAH,PRODI S1 SISTEM INFORMASI (FRI) (2019),DOSEN PROFESIONAL FULL TIME,NJFA,0.0,0.0,0.0,0.0,0.0,0.0,TDK MEMENUHI,0,-4.529070721865143,-4.529070721865143,0.7816033556192893,-4.529070721865143,0.7816033556192893,0.11260307219672053
107,S1SI-079,S1SI,79,S2,PRODUCTION AND MANUFACTURING SYSTEM,PEMBINA UTAMA MADYA,BELUM,PRODI S1 SISTEM INFORMASI (FRI) (2019),DOSEN PROFESIONAL FULL TIME,NJFA,1.75,0.0,0.0,0.0,0.0,34.0,TDK MEMENUHI,0,-3.3872917376008655,-3.3872917376008655,-0.5004147198489723,-3.3872917376008655,-0.5004147198489723,-0.21287331527444842
102,S1SI-080,S1SI,80,S3,ENGINEERING MANAGEMENT SYSTEM,PEMBINA UTAMA MUDA,BELUM,PRODI S1 SISTEM INFORMASI (FRI) (2019),DOSEN PROFESIONAL FULL TIME,L,0.0,0.0,0.0,0.0,0.0,0.0,TDK MEMENUHI,0,-4.529070721865143,-4.529070721865143,0.7816033556192893,-4.529070721865143,0.7816033556192893,0.11260307219672053
17,S1SI-081,S1SI,81,S3,ENTERPRISE AND INDUSTRIAL SYSTEM,PEMBINA,SUDAH,PRODI S1 SISTEM INFORMASI (FRI) (2019),DOSEN PROFESIONAL FULL TIME,NJFA,2.965,1.0,0.75,1.0,0.0,28.93,MEMENUHI,0,-1.4188275928219467,-1.4188275928219467,-0.46427847036441405,-1.4188275928219467,-0.46427847036441405,-0.09718240665201211
15,S1SI-082,S1SI,82,S2,ENGINEERING MANAGEMENT SYSTEM,PENATA TK 1,SUDAH,PRODI S1 SISTEM INFORMASI (FRI) (2019),DOSEN PROFESIONAL FULL TIME,AA,1.4,2.0,1.05,0.75,0.0,24.900000000000002,MEMENUHI,0,-2.02916672151898,-2.02916672151898,0.7901700733439145,-2.02916672151898,0.7901700733439145,1.1715017343907559
99,S1SI-084,S1SI,84,S2,PRODUCTION AND MANUFACTURING SYSTEM,PENATA MUDA TK 1,BELUM,PRODI S1 SISTEM INFORMASI (FRI) (2019),DOSEN PROFESIONAL FULL TIME,NJFA,0.0,0.0,0.0,0.0,0.0,0.0,TDK MEMENUHI,0,-4.529070721865143,-4.529070721865143,0.7816033556192893,-4.529070721865143,0.7816033556192893,0.11260307219672053
12,S1TI-085,S1TI,85,S2,ENTERPRISE AND INDUSTRIAL SYSTEM,PENATA,SUDAH,PRODI S1 TEKNIK INDUSTRI (FRI) (2019),DOSEN PROFESIONAL FULL TIME,L,3.57666666666667,4.0,1.25,1.0,0.0,37.1033333333334,MEMENUHI,2,0.549097085325241,0.549097085325241,-0.14105749531469164,0.549097085325241,-0.14105749531469164,2.276665444063004
22,S1TI-086,S1TI,86,S2,PRODUCTION AND MANUFACTURING SYSTEM,PENATA TK 1,SUDAH,PRODI S1 TEKNIK INDUSTRI (FRI) (2019),DOSEN PROFESIONAL FULL TIME,NJFA,2.735,2.75,0.75,1.75,0.0,28.67,MEMENUHI,2,-0.2973105031767456,-0.2973105031767456,0.6086289233928074,-0.2973105031767456,0.6086289233928074,0.9617581238938046
79,S1TI-087,S1TI,87,S3,CYBERNETICS,PENATA,BELUM,PRODI S1 TEKNIK INDUSTRI (FRI) (2019),DOSEN PROFESIONAL FULL TIME,NJFA,0.6666666666666651,0.42000000000000004,1.75,0.0,0.0,5.15333333333333,TDK MEMENUHI,0,-3.567630034400544,-3.567630034400544,0.510315766976163,-3.567630034400544,0.510315766976163,0.49651685106338156
85,S1TL-041,S1TL,41,S3,ENGINEERING MANAGEMENT SYSTEM,PEMBINA,SUDAH,PRODI S1 TEKNIK LOGISTIK (FRI) (2019),DOSEN PROFESIONAL FULL TIME,NJFA,0.23333333333333403,1.495,1.25,1.75,0.0,39.2566666666667,MEMENUHI,0,-2.4562874677957285,-2.4562874677957285,2.1646970823453047,-2.4562874677957285,2.1646970823453047,0.4537718360835418
91,S1TL-042,S1TL,42,S2,ENTERPRISE AND INDUSTRIAL SYSTEM,PEMBINA UTAMA,SUDAH,PRODI S1 TEKNIK LOGISTIK (FRI) (2019),DOSEN PEGAWAI TETAP,NJFA,1.6,1.25,0.75,5.5,0.0,33.1,MEMENUHI,2,0.2718524074497128,0.2718524074497128,3.43780085240783,0.2718524074497128,3.43780085240783,-2.0833300409132307
80,S1TL-043,S1TL,43,S1,PRODUCTION AND MANUFACTURING SYSTEM,PEMBINA UTAMA,BELUM,PRODI S1 TEKNIK LOGISTIK (FRI) (2019),DOSEN PROFESIONAL FULL TIME,NJFA,0.0999999999999996,1.21,1.25,2.33333333333333,0.0,21.7866666666667,MEMENUHI,0,-2.364997144297611,-2.364997144297611,2.5604021835203192,-2.364997144297611,2.5604021835203192,-0.06997120283014419
86,S1TL-044,S1TL,44,S2,CYBERNETICS,PENATA MUDA TK 1,BELUM,PRODI S1 TEKNIK LOGISTIK (FRI) (2019),DOSEN PROFESIONAL FULL TIME,NJFA,0.16666666666666402,1.415,0.75,2.0,0.0,34.8633333333333,MEMENUHI,0,-2.493942192983091,-2.493942192983091,2.3191659519433188,-2.493942192983091,2.3191659519433188,0.21784766084637208
87,S1TL-045,S1TL,45,S1,PRODUCTION AND MANUFACTURING SYSTEM,PEMBINA,BELUM,PRODI S1 TEKNIK LOGISTIK (FRI) (2019),DOSEN PROFESIONAL FULL TIME,NJFA,0.23333333333333503,1.415,1.25,2.83333333333333,0.0,32.1633333333333,MEMENUHI,0,-1.9039135472697546,-1.9039135472697546,2.828827149902835,-1.9039135472697546,2.828827149902835,-0.19951390613504288
76,S1TL-046,S1TL,46,S3,PRODUCTION AND MANUFACTURING SYSTEM,PENATA,BELUM,PRODI S1 TEKNIK LOGISTIK (FRI) (2019),DOSEN PROFESIONAL FULL TIME,NJFA,7.26,0.5,0.75,3.5,0.0,35.57,MEMENUHI,2,2.5028037902015416,2.5028037902015416,-2.155782387568232,2.5028037902015416,-2.155782387568232,-2.6601000451082295